{
  "events": [
    {
      "title": "Spirit of '67",
    "image" : "http://www.rwmanila.com/sites/default/files/images/events/highlights/67_780x386_0_mini.JPG",
    "url": "http://www.rwmanila.com/events/spirit-67",
    "description": "Spirit of '67 livens up the dance floor of Resorts World Manila on Dance Wednesdays at Bar 360.",
    "venue": "Resorts World Manila - Bar 360",
    "category": "Show"
    },

    {
      "title": "Gfriend L.O.L Manila Showcase 2016",
      "image" : "https://solaireresort.com/uploads/media/default/0001/02/ecdb33a618978843fcb93da9d20070e5779f952d.jpeg",
      "url": "http://www.rwmanila.com/events/spirit-67",
      "description": "Come September 04, 6-Member K-Pop girl group Gfriend will be making their way to Manila for their L.O.L Manila Showcase 2016.",
      "venue": "The Theatre at Solaire",
      "category": "Concert"
    },

    {
      "title": "Rocker Dads",
      "image" : "http://www.rwmanila.com/sites/default/files/images/events/highlights/ROCKER-DADS-Highlight-copy.jpg",
      "url": "http://www.rwmanila.com/events/rocker-dads",
      "description": "Prepare for a night of rock and roll with two of your favorite artists from The Voice of the Philippines, Brad Holmes and Jason Fernandez.",
      "venue": "Resorts World Manila - Bar 360",
      "category": "Show"
    },

    {
      "title": "Blue Man",
      "image" : "https://solaireresort.com/uploads/media/default/0001/01/74bf931162f30bac20258351b3a23fa09ea5cb61.png",
      "url": "https://solaireresort.com/entertainment/happening-in-solaire/blue-man-group?actionType=box",
      "description": "Reconnect with your inner child, re-experience mischievousness and sheer joy, and see what fun three guys can have with 30 litres of paint and 55 mashed-up bananas in the space of an hour and a half!",
      "venue":"The Theatre at Solaire",
      "category": "Show"
    },
    {
    "title": "Spirit of '67",
    "image" : "http://www.rwmanila.com/sites/default/files/images/events/highlights/67_780x386_0_mini.JPG",
    "url": "http://www.rwmanila.com/events/spirit-67",
    "description": "Spirit of '67 livens up the dance floor of Resorts World Manila on Dance Wednesdays at Bar 360.",
    "venue": "Resorts World Manila - Bar 360",
    "category": "Show"
    },

    {
      "title": "Gfriend L.O.L Manila Showcase 2016",
      "image" : "https://solaireresort.com/uploads/media/default/0001/02/ecdb33a618978843fcb93da9d20070e5779f952d.jpeg",
      "url": "http://www.rwmanila.com/events/spirit-67",
      "description": "Come September 04, 6-Member K-Pop girl group Gfriend will be making their way to Manila for their L.O.L Manila Showcase 2016.",
      "venue": "The Theatre at Solaire",
      "category": "Concert"
    },

    {
      "title": "Rocker Dads",
      "image" : "http://www.rwmanila.com/sites/default/files/images/events/highlights/ROCKER-DADS-Highlight-copy.jpg",
      "url": "http://www.rwmanila.com/events/rocker-dads",
      "description": "Prepare for a night of rock and roll with two of your favorite artists from The Voice of the Philippines, Brad Holmes and Jason Fernandez.",
      "venue": "Resorts World Manila - Bar 360",
      "category": "Show"
    },

    {
      "title": "Blue Man",
      "image" : "https://solaireresort.com/uploads/media/default/0001/01/74bf931162f30bac20258351b3a23fa09ea5cb61.png",
      "url": "https://solaireresort.com/entertainment/happening-in-solaire/blue-man-group?actionType=box",
      "description": "Reconnect with your inner child, re-experience mischievousness and sheer joy, and see what fun three guys can have with 30 litres of paint and 55 mashed-up bananas in the space of an hour and a half!",
      "venue":"The Theatre at Solaire",
      "category": "Show"
    }
  ]
}